include/master-slave.inc
[connection master]
connection master;
create table t1 (a int not null auto_increment primary key, b int, key(b));
connection slave;
stop slave;
connection master;
INSERT INTO t1 (a) VALUES (1),(2),(3),(4),(5),(6),(7),(8),(9),(10);
INSERT INTO t1 (a) SELECT null FROM t1;
INSERT INTO t1 (a) SELECT null FROM t1;
INSERT INTO t1 (a) SELECT null FROM t1;
INSERT INTO t1 (a) SELECT null FROM t1;
INSERT INTO t1 (a) SELECT null FROM t1;
INSERT INTO t1 (a) SELECT null FROM t1;
INSERT INTO t1 (a) SELECT null FROM t1;
INSERT INTO t1 (a) SELECT null FROM t1;
INSERT INTO t1 (a) SELECT null FROM t1;
INSERT INTO t1 (a) SELECT null FROM t1;
INSERT INTO t1 (a) SELECT null FROM t1;
INSERT INTO t1 (a) SELECT null FROM t1;
INSERT INTO t1 (a) SELECT null FROM t1;
connection slave;
start slave;
stop slave;
drop table t1;
connection master;
drop table t1;
